name,picture,sobel,view,score,active,window,hit,trained,game_cycles
01_untrained,0,1,0,0,0,0,0,0,0
02_ready,0,1,0,0,0,0,0,15,640
03_countdown2,0,1,0,0,1,0,0,15,4645
04_countdown1,0,1,0,0,1,0,0,15,6645
05_hit_window,0,1,0,0,3,1,0,15,8645
06_wrong_vowel,0,1,0,0,3,1,0,15,8765
07_correct_vowel,0,1,0,1,2,0,1,15,8885
08_duplicate_ignored,0,1,0,1,2,0,1,15,9005
09_second_window,0,1,0,1,6,2,0,15,13005
10_miss,0,1,0,1,4,0,0,15,15005
p0_edge_1d,0,0,1,1,4,0,0,15,15005
p0_edge_sobel,0,1,1,1,4,0,0,15,15005
p0_profile,0,1,2,1,4,0,0,15,15005
p0_masks,0,1,3,1,4,0,0,15,15005
p1_edge_1d,1,0,1,1,4,0,0,15,15005
p1_edge_sobel,1,1,1,1,4,0,0,15,15005
p1_profile,1,1,2,1,4,0,0,15,15005
p1_masks,1,1,3,1,4,0,0,15,15005
